{"name":"__dll__lib","content":{"./node_modules/axios/lib/utils.js":{"id":0,"meta":{}},"./node_modules/axios/lib/defaults.js":{"id":1,"meta":{}},"./node_modules/vue/dist/vue.runtime.esm.js":{"id":2,"meta":{"harmonyModule":true},"exports":["default"]},"./node_modules/webpack/buildin/global.js":{"id":3,"meta":{}},"./node_modules/process/browser.js":{"id":4,"meta":{}},"./node_modules/axios/lib/helpers/bind.js":{"id":5,"meta":{}},"./node_modules/axios/lib/adapters/xhr.js":{"id":6,"meta":{}},"./node_modules/axios/lib/core/createError.js":{"id":7,"meta":{}},"./node_modules/axios/lib/cancel/isCancel.js":{"id":8,"meta":{}},"./node_modules/axios/lib/cancel/Cancel.js":{"id":9,"meta":{}},"./node_modules/timers-browserify/main.js":{"id":11,"meta":{}},"./node_modules/setimmediate/setImmediate.js":{"id":12,"meta":{}},"./node_modules/vuex/dist/vuex.esm.js":{"id":13,"meta":{"harmonyModule":true},"exports":["Store","install","mapState","mapMutations","mapGetters","mapActions","createNamespacedHelpers","default"]},"./node_modules/vue-router/dist/vue-router.esm.js":{"id":14,"meta":{"harmonyModule":true},"exports":["default"]},"./node_modules/axios/index.js":{"id":15,"meta":{}},"./node_modules/axios/lib/axios.js":{"id":16,"meta":{}},"./node_modules/is-buffer/index.js":{"id":17,"meta":{}},"./node_modules/axios/lib/core/Axios.js":{"id":18,"meta":{}},"./node_modules/axios/lib/helpers/normalizeHeaderName.js":{"id":19,"meta":{}},"./node_modules/axios/lib/core/settle.js":{"id":20,"meta":{}},"./node_modules/axios/lib/core/enhanceError.js":{"id":21,"meta":{}},"./node_modules/axios/lib/helpers/buildURL.js":{"id":22,"meta":{}},"./node_modules/axios/lib/helpers/parseHeaders.js":{"id":23,"meta":{}},"./node_modules/axios/lib/helpers/isURLSameOrigin.js":{"id":24,"meta":{}},"./node_modules/axios/lib/helpers/btoa.js":{"id":25,"meta":{}},"./node_modules/axios/lib/helpers/cookies.js":{"id":26,"meta":{}},"./node_modules/axios/lib/core/InterceptorManager.js":{"id":27,"meta":{}},"./node_modules/axios/lib/core/dispatchRequest.js":{"id":28,"meta":{}},"./node_modules/axios/lib/core/transformData.js":{"id":29,"meta":{}},"./node_modules/axios/lib/helpers/isAbsoluteURL.js":{"id":30,"meta":{}},"./node_modules/axios/lib/helpers/combineURLs.js":{"id":31,"meta":{}},"./node_modules/axios/lib/cancel/CancelToken.js":{"id":32,"meta":{}},"./node_modules/axios/lib/helpers/spread.js":{"id":33,"meta":{}},"./node_modules/iview/dist/iview.js":{"id":34,"meta":{}}}}