{"name":"__dll__lib","content":{"./node_modules/axios/lib/utils.js":{"id":0,"meta":{}},"./node_modules/css-loader/lib/css-base.js":{"id":1,"meta":{}},"./node_modules/vue-style-loader/lib/addStylesClient.js":{"id":2,"meta":{}},"./node_modules/vue-loader/lib/component-normalizer.js":{"id":3,"meta":{}},"./node_modules/webpack/buildin/global.js":{"id":4,"meta":{}},"./node_modules/axios/lib/defaults.js":{"id":5,"meta":{}},"./node_modules/timers-browserify/main.js":{"id":6,"meta":{}},"./node_modules/process/browser.js":{"id":7,"meta":{}},"./node_modules/axios/lib/helpers/bind.js":{"id":8,"meta":{}},"./node_modules/axios/lib/adapters/xhr.js":{"id":9,"meta":{}},"./node_modules/axios/lib/core/createError.js":{"id":10,"meta":{}},"./node_modules/axios/lib/cancel/isCancel.js":{"id":11,"meta":{}},"./node_modules/axios/lib/cancel/Cancel.js":{"id":12,"meta":{}},"./node_modules/mcx-ui/components/base/Mask/index.js":{"id":13,"meta":{"harmonyModule":true},"exports":["default"]},"./node_modules/vue/dist/vue.runtime.esm.js":{"id":15,"meta":{"harmonyModule":true},"exports":["default"]},"./node_modules/setimmediate/setImmediate.js":{"id":16,"meta":{}},"./node_modules/vuex/dist/vuex.esm.js":{"id":17,"meta":{"harmonyModule":true},"exports":["Store","install","mapState","mapMutations","mapGetters","mapActions","createNamespacedHelpers","default"]},"./node_modules/vue-router/dist/vue-router.esm.js":{"id":18,"meta":{"harmonyModule":true},"exports":["default"]},"./node_modules/axios/index.js":{"id":19,"meta":{}},"./node_modules/axios/lib/axios.js":{"id":20,"meta":{}},"./node_modules/is-buffer/index.js":{"id":21,"meta":{}},"./node_modules/axios/lib/core/Axios.js":{"id":22,"meta":{}},"./node_modules/axios/lib/helpers/normalizeHeaderName.js":{"id":23,"meta":{}},"./node_modules/axios/lib/core/settle.js":{"id":24,"meta":{}},"./node_modules/axios/lib/core/enhanceError.js":{"id":25,"meta":{}},"./node_modules/axios/lib/helpers/buildURL.js":{"id":26,"meta":{}},"./node_modules/axios/lib/helpers/parseHeaders.js":{"id":27,"meta":{}},"./node_modules/axios/lib/helpers/isURLSameOrigin.js":{"id":28,"meta":{}},"./node_modules/axios/lib/helpers/btoa.js":{"id":29,"meta":{}},"./node_modules/axios/lib/helpers/cookies.js":{"id":30,"meta":{}},"./node_modules/axios/lib/core/InterceptorManager.js":{"id":31,"meta":{}},"./node_modules/axios/lib/core/dispatchRequest.js":{"id":32,"meta":{}},"./node_modules/axios/lib/core/transformData.js":{"id":33,"meta":{}},"./node_modules/axios/lib/helpers/isAbsoluteURL.js":{"id":34,"meta":{}},"./node_modules/axios/lib/helpers/combineURLs.js":{"id":35,"meta":{}},"./node_modules/axios/lib/cancel/CancelToken.js":{"id":36,"meta":{}},"./node_modules/axios/lib/helpers/spread.js":{"id":37,"meta":{}},"./node_modules/mcx-ui/index.js":{"id":38,"meta":{"harmonyModule":true},"exports":["Mcx","Button","Loading","Toast","Swiper","Popup","DiaLog","ToTop"]},"./node_modules/mcx-ui/node_modules/vue/dist/vue.runtime.esm.js":{"id":39,"meta":{"harmonyModule":true},"exports":["default"]},"./node_modules/mcx-ui/components/Button/index.js":{"id":40,"meta":{"harmonyModule":true},"exports":["default"]},"./node_modules/mcx-ui/components/Button/src/index.vue":{"id":41,"meta":{"harmonyModule":true},"exports":["default"]},"./node_modules/vue-style-loader/index.js!./node_modules/css-loader/index.js?minimize!./node_modules/vue-loader/lib/style-compiler/index.js?{\"vue\":true,\"id\":\"data-v-1d6bd6aa\",\"scoped\":false,\"hasInlineConfig\":true}!./node_modules/less-loader/dist/cjs.js!./node_modules/mcx-ui/components/Button/src/index.less":{"id":42,"meta":{}},"./node_modules/css-loader/index.js?minimize!./node_modules/vue-loader/lib/style-compiler/index.js?{\"vue\":true,\"id\":\"data-v-1d6bd6aa\",\"scoped\":false,\"hasInlineConfig\":true}!./node_modules/less-loader/dist/cjs.js!./node_modules/mcx-ui/components/Button/src/index.less":{"id":43,"meta":{}},"./node_modules/vue-style-loader/lib/listToStyles.js":{"id":44,"meta":{}},"./node_modules/babel-loader/lib/index.js!./node_modules/vue-loader/lib/selector.js?type=script&index=0!./node_modules/mcx-ui/components/Button/src/index.vue":{"id":45,"meta":{"harmonyModule":true},"exports":["default"]},"./node_modules/vue-loader/lib/template-compiler/index.js?{\"id\":\"data-v-1d6bd6aa\",\"hasScoped\":false,\"buble\":{\"transforms\":{}}}!./node_modules/vue-loader/lib/selector.js?type=template&index=0!./node_modules/mcx-ui/components/Button/src/index.vue":{"id":46,"meta":{"harmonyModule":true},"exports":["default"]},"./node_modules/mcx-ui/components/Loading/index.js":{"id":47,"meta":{"harmonyModule":true},"exports":["default"]},"./node_modules/mcx-ui/components/Loading/src/index.vue":{"id":48,"meta":{"harmonyModule":true},"exports":["default"]},"./node_modules/vue-style-loader/index.js!./node_modules/css-loader/index.js?minimize!./node_modules/vue-loader/lib/style-compiler/index.js?{\"vue\":true,\"id\":\"data-v-51480da3\",\"scoped\":false,\"hasInlineConfig\":true}!./node_modules/less-loader/dist/cjs.js!./node_modules/mcx-ui/components/Loading/src/index.less":{"id":49,"meta":{}},"./node_modules/css-loader/index.js?minimize!./node_modules/vue-loader/lib/style-compiler/index.js?{\"vue\":true,\"id\":\"data-v-51480da3\",\"scoped\":false,\"hasInlineConfig\":true}!./node_modules/less-loader/dist/cjs.js!./node_modules/mcx-ui/components/Loading/src/index.less":{"id":50,"meta":{}},"./node_modules/mcx-ui/components/Loading/src/static/loading.gif":{"id":51,"meta":{}},"./node_modules/babel-loader/lib/index.js!./node_modules/vue-loader/lib/selector.js?type=script&index=0!./node_modules/mcx-ui/components/Loading/src/index.vue":{"id":52,"meta":{"harmonyModule":true},"exports":["default"]},"./node_modules/vue-loader/lib/template-compiler/index.js?{\"id\":\"data-v-51480da3\",\"hasScoped\":false,\"buble\":{\"transforms\":{}}}!./node_modules/vue-loader/lib/selector.js?type=template&index=0!./node_modules/mcx-ui/components/Loading/src/index.vue":{"id":53,"meta":{"harmonyModule":true},"exports":["default"]},"./node_modules/mcx-ui/components/Toast/index.js":{"id":54,"meta":{"harmonyModule":true},"exports":["default"]},"./node_modules/mcx-ui/components/Toast/src/index.vue":{"id":55,"meta":{"harmonyModule":true},"exports":["default"]},"./node_modules/vue-style-loader/index.js!./node_modules/css-loader/index.js?minimize!./node_modules/vue-loader/lib/style-compiler/index.js?{\"vue\":true,\"id\":\"data-v-04287945\",\"scoped\":false,\"hasInlineConfig\":true}!./node_modules/less-loader/dist/cjs.js!./node_modules/mcx-ui/components/Toast/src/index.less":{"id":56,"meta":{}},"./node_modules/css-loader/index.js?minimize!./node_modules/vue-loader/lib/style-compiler/index.js?{\"vue\":true,\"id\":\"data-v-04287945\",\"scoped\":false,\"hasInlineConfig\":true}!./node_modules/less-loader/dist/cjs.js!./node_modules/mcx-ui/components/Toast/src/index.less":{"id":57,"meta":{}},"./node_modules/babel-loader/lib/index.js!./node_modules/vue-loader/lib/selector.js?type=script&index=0!./node_modules/mcx-ui/components/Toast/src/index.vue":{"id":58,"meta":{"harmonyModule":true},"exports":["default"]},"./node_modules/vue-loader/lib/template-compiler/index.js?{\"id\":\"data-v-04287945\",\"hasScoped\":false,\"buble\":{\"transforms\":{}}}!./node_modules/vue-loader/lib/selector.js?type=template&index=0!./node_modules/mcx-ui/components/Toast/src/index.vue":{"id":59,"meta":{"harmonyModule":true},"exports":["default"]},"./node_modules/mcx-ui/components/Swiper/index.js":{"id":60,"meta":{"harmonyModule":true},"exports":["default"]},"./node_modules/mcx-ui/components/Swiper/src/index.vue":{"id":61,"meta":{"harmonyModule":true},"exports":["default"]},"./node_modules/vue-style-loader/index.js!./node_modules/css-loader/index.js?minimize!./node_modules/vue-loader/lib/style-compiler/index.js?{\"vue\":true,\"id\":\"data-v-6de06916\",\"scoped\":false,\"hasInlineConfig\":true}!./node_modules/less-loader/dist/cjs.js!./node_modules/mcx-ui/components/Swiper/src/index.less":{"id":62,"meta":{}},"./node_modules/css-loader/index.js?minimize!./node_modules/vue-loader/lib/style-compiler/index.js?{\"vue\":true,\"id\":\"data-v-6de06916\",\"scoped\":false,\"hasInlineConfig\":true}!./node_modules/less-loader/dist/cjs.js!./node_modules/mcx-ui/components/Swiper/src/index.less":{"id":63,"meta":{}},"./node_modules/babel-loader/lib/index.js!./node_modules/vue-loader/lib/selector.js?type=script&index=0!./node_modules/mcx-ui/components/Swiper/src/index.vue":{"id":64,"meta":{"harmonyModule":true},"exports":["default"]},"./node_modules/swiper/dist/js/swiper.min.js":{"id":65,"meta":{}},"./node_modules/swiper/dist/css/swiper.min.css":{"id":66,"meta":{}},"./node_modules/css-loader/index.js!./node_modules/swiper/dist/css/swiper.min.css":{"id":67,"meta":{}},"./node_modules/style-loader/lib/addStyles.js":{"id":68,"meta":{}},"./node_modules/style-loader/lib/urls.js":{"id":69,"meta":{}},"./node_modules/vue-loader/lib/template-compiler/index.js?{\"id\":\"data-v-6de06916\",\"hasScoped\":false,\"buble\":{\"transforms\":{}}}!./node_modules/vue-loader/lib/selector.js?type=template&index=0!./node_modules/mcx-ui/components/Swiper/src/index.vue":{"id":70,"meta":{"harmonyModule":true},"exports":["default"]},"./node_modules/mcx-ui/components/Popup/index.js":{"id":71,"meta":{"harmonyModule":true},"exports":["default"]},"./node_modules/mcx-ui/components/Popup/src/index.vue":{"id":72,"meta":{"harmonyModule":true},"exports":["default"]},"./node_modules/vue-style-loader/index.js!./node_modules/css-loader/index.js?minimize!./node_modules/vue-loader/lib/style-compiler/index.js?{\"vue\":true,\"id\":\"data-v-12a6d785\",\"scoped\":true,\"hasInlineConfig\":true}!./node_modules/less-loader/dist/cjs.js!./node_modules/mcx-ui/components/Popup/src/index.less":{"id":73,"meta":{}},"./node_modules/css-loader/index.js?minimize!./node_modules/vue-loader/lib/style-compiler/index.js?{\"vue\":true,\"id\":\"data-v-12a6d785\",\"scoped\":true,\"hasInlineConfig\":true}!./node_modules/less-loader/dist/cjs.js!./node_modules/mcx-ui/components/Popup/src/index.less":{"id":74,"meta":{}},"./node_modules/babel-loader/lib/index.js!./node_modules/vue-loader/lib/selector.js?type=script&index=0!./node_modules/mcx-ui/components/Popup/src/index.vue":{"id":75,"meta":{"harmonyModule":true},"exports":["default"]},"./node_modules/mcx-ui/components/base/Mask/src/index.vue":{"id":76,"meta":{"harmonyModule":true},"exports":["default"]},"./node_modules/vue-style-loader/index.js!./node_modules/css-loader/index.js?minimize!./node_modules/vue-loader/lib/style-compiler/index.js?{\"vue\":true,\"id\":\"data-v-d90e934e\",\"scoped\":true,\"hasInlineConfig\":true}!./node_modules/less-loader/dist/cjs.js!./node_modules/mcx-ui/components/base/Mask/src/index.less":{"id":77,"meta":{}},"./node_modules/css-loader/index.js?minimize!./node_modules/vue-loader/lib/style-compiler/index.js?{\"vue\":true,\"id\":\"data-v-d90e934e\",\"scoped\":true,\"hasInlineConfig\":true}!./node_modules/less-loader/dist/cjs.js!./node_modules/mcx-ui/components/base/Mask/src/index.less":{"id":78,"meta":{}},"./node_modules/babel-loader/lib/index.js!./node_modules/vue-loader/lib/selector.js?type=script&index=0!./node_modules/mcx-ui/components/base/Mask/src/index.vue":{"id":79,"meta":{"harmonyModule":true},"exports":["default"]},"./node_modules/vue-loader/lib/template-compiler/index.js?{\"id\":\"data-v-d90e934e\",\"hasScoped\":true,\"buble\":{\"transforms\":{}}}!./node_modules/vue-loader/lib/selector.js?type=template&index=0!./node_modules/mcx-ui/components/base/Mask/src/index.vue":{"id":80,"meta":{"harmonyModule":true},"exports":["default"]},"./node_modules/vue-loader/lib/template-compiler/index.js?{\"id\":\"data-v-12a6d785\",\"hasScoped\":true,\"buble\":{\"transforms\":{}}}!./node_modules/vue-loader/lib/selector.js?type=template&index=0!./node_modules/mcx-ui/components/Popup/src/index.vue":{"id":81,"meta":{"harmonyModule":true},"exports":["default"]},"./node_modules/mcx-ui/components/ToTop/index.js":{"id":82,"meta":{"harmonyModule":true},"exports":["default"]},"./node_modules/mcx-ui/components/ToTop/src/index.vue":{"id":83,"meta":{"harmonyModule":true},"exports":["default"]},"./node_modules/vue-style-loader/index.js!./node_modules/css-loader/index.js?minimize!./node_modules/vue-loader/lib/style-compiler/index.js?{\"vue\":true,\"id\":\"data-v-bae97200\",\"scoped\":true,\"hasInlineConfig\":true}!./node_modules/less-loader/dist/cjs.js!./node_modules/mcx-ui/components/ToTop/src/index.less":{"id":84,"meta":{}},"./node_modules/css-loader/index.js?minimize!./node_modules/vue-loader/lib/style-compiler/index.js?{\"vue\":true,\"id\":\"data-v-bae97200\",\"scoped\":true,\"hasInlineConfig\":true}!./node_modules/less-loader/dist/cjs.js!./node_modules/mcx-ui/components/ToTop/src/index.less":{"id":85,"meta":{}},"./node_modules/babel-loader/lib/index.js!./node_modules/vue-loader/lib/selector.js?type=script&index=0!./node_modules/mcx-ui/components/ToTop/src/index.vue":{"id":86,"meta":{"harmonyModule":true},"exports":["default"]},"./node_modules/vue-loader/lib/template-compiler/index.js?{\"id\":\"data-v-bae97200\",\"hasScoped\":true,\"buble\":{\"transforms\":{}}}!./node_modules/vue-loader/lib/selector.js?type=template&index=0!./node_modules/mcx-ui/components/ToTop/src/index.vue":{"id":87,"meta":{"harmonyModule":true},"exports":["default"]},"./node_modules/mcx-ui/components/DiaLog/index.js":{"id":88,"meta":{"harmonyModule":true},"exports":["default"]},"./node_modules/mcx-ui/components/DiaLog/src/index.vue":{"id":89,"meta":{"harmonyModule":true},"exports":["default"]},"./node_modules/vue-style-loader/index.js!./node_modules/css-loader/index.js?minimize!./node_modules/vue-loader/lib/style-compiler/index.js?{\"vue\":true,\"id\":\"data-v-029f38b4\",\"scoped\":true,\"hasInlineConfig\":true}!./node_modules/less-loader/dist/cjs.js!./node_modules/mcx-ui/components/DiaLog/src/index.less":{"id":90,"meta":{}},"./node_modules/css-loader/index.js?minimize!./node_modules/vue-loader/lib/style-compiler/index.js?{\"vue\":true,\"id\":\"data-v-029f38b4\",\"scoped\":true,\"hasInlineConfig\":true}!./node_modules/less-loader/dist/cjs.js!./node_modules/mcx-ui/components/DiaLog/src/index.less":{"id":91,"meta":{}},"./node_modules/babel-loader/lib/index.js!./node_modules/vue-loader/lib/selector.js?type=script&index=0!./node_modules/mcx-ui/components/DiaLog/src/index.vue":{"id":92,"meta":{"harmonyModule":true},"exports":["default"]},"./node_modules/vue-loader/lib/template-compiler/index.js?{\"id\":\"data-v-029f38b4\",\"hasScoped\":true,\"buble\":{\"transforms\":{}}}!./node_modules/vue-loader/lib/selector.js?type=template&index=0!./node_modules/mcx-ui/components/DiaLog/src/index.vue":{"id":93,"meta":{"harmonyModule":true},"exports":["default"]},"./src/lib/rem.js":{"id":94,"meta":{"harmonyModule":true},"exports":["default"]}}}